,mac_addr,slot_id,fl_sinr,fl_mod_code_pt,databus_timestamp,year,month,day
0,00:a0:bc:87:86:c2,8,1.4,fl_qpsk_2_5,1533744055,2018,8,8
1,00:a0:bc:87:86:c2,25,1.4,fl_qpsk_2_5,1533744055,2018,8,8
2,00:a0:bc:87:86:c2,26,0.9,fl_qpsk_2_5,1533744055,2018,8,8
3,00:a0:bc:87:86:c2,49,1.4,fl_qpsk_2_5,1533744055,2018,8,8
4,00:a0:bc:87:86:c2,25,1.6,fl_qpsk_2_5,1533744115,2018,8,8
5,00:a0:bc:87:86:c2,8,1.7,fl_qpsk_2_5,1533744115,2018,8,8
6,00:a0:bc:87:86:c2,26,1.2,fl_qpsk_2_5,1533744115,2018,8,8
7,00:a0:bc:87:86:c2,49,1.6,fl_qpsk_1_2,1533744115,2018,8,8
8,00:a0:bc:87:86:c2,8,1.6,fl_qpsk_2_5,1533744175,2018,8,8
9,00:a0:bc:87:86:c2,26,1.1,fl_qpsk_2_5,1533744175,2018,8,8
10,00:a0:bc:87:86:c2,49,1.6,fl_qpsk_2_5,1533744175,2018,8,8
11,00:a0:bc:87:86:c2,25,1.6,fl_qpsk_2_5,1533744175,2018,8,8
12,00:a0:bc:87:86:c2,26,1.1,fl_qpsk_2_5,1533744235,2018,8,8
13,00:a0:bc:87:86:c2,8,1.5,fl_qpsk_2_5,1533744235,2018,8,8
14,00:a0:bc:87:86:c2,25,1.5,fl_qpsk_2_5,1533744235,2018,8,8
15,00:a0:bc:87:86:c2,49,1.5,fl_qpsk_2_5,1533744235,2018,8,8
16,00:a0:bc:87:86:c2,8,1.4,fl_qpsk_2_5,1533744295,2018,8,8
17,00:a0:bc:87:86:c2,26,1.0,fl_qpsk_2_5,1533744295,2018,8,8
18,00:a0:bc:87:86:c2,25,1.5,fl_qpsk_2_5,1533744295,2018,8,8
19,00:a0:bc:87:86:c2,49,1.5,fl_qpsk_1_2,1533744295,2018,8,8
20,00:a0:bc:87:86:c2,26,1.2,fl_qpsk_2_5,1533744355,2018,8,8
21,00:a0:bc:87:86:c2,8,1.7,fl_qpsk_2_5,1533744355,2018,8,8
22,00:a0:bc:87:86:c2,49,1.7,fl_qpsk_2_5,1533744355,2018,8,8
23,00:a0:bc:87:86:c2,25,1.6,fl_qpsk_2_5,1533744355,2018,8,8
24,00:a0:bc:87:86:c2,25,1.6,fl_qpsk_2_5,1533744415,2018,8,8
25,00:a0:bc:87:86:c2,26,1.3,fl_qpsk_1_3,1533744415,2018,8,8
26,00:a0:bc:87:86:c2,8,1.7,fl_qpsk_2_5,1533744415,2018,8,8
27,00:a0:bc:87:86:c2,49,1.7,fl_qpsk_2_5,1533744415,2018,8,8
28,00:a0:bc:87:86:c2,49,1.6,fl_qpsk_2_5,1533744475,2018,8,8
29,00:a0:bc:87:86:c2,8,1.5,fl_qpsk_2_5,1533744475,2018,8,8
30,00:a0:bc:87:86:c2,25,1.5,fl_qpsk_2_5,1533744475,2018,8,8
31,00:a0:bc:87:86:c2,26,1.0,fl_qpsk_2_5,1533744475,2018,8,8
32,00:a0:bc:87:86:c2,8,1.5,fl_qpsk_2_5,1533744535,2018,8,8
33,00:a0:bc:87:86:c2,26,1.0,fl_qpsk_2_5,1533744535,2018,8,8
34,00:a0:bc:87:86:c2,49,1.4,fl_qpsk_2_5,1533744535,2018,8,8
35,00:a0:bc:87:86:c2,25,1.4,fl_qpsk_2_5,1533744535,2018,8,8
36,00:a0:bc:87:86:c2,8,1.6,fl_qpsk_1_2,1533744595,2018,8,8
37,00:a0:bc:87:86:c2,49,1.5,fl_qpsk_1_2,1533744595,2018,8,8
38,00:a0:bc:87:86:c2,25,1.4,fl_qpsk_2_5,1533744595,2018,8,8
39,00:a0:bc:87:86:c2,26,1.0,fl_qpsk_2_5,1533744595,2018,8,8
40,00:a0:bc:87:86:c2,26,0.6,fl_qpsk_1_3,1533744655,2018,8,8
41,00:a0:bc:87:86:c2,49,1.3,fl_qpsk_2_5,1533744655,2018,8,8
42,00:a0:bc:87:86:c2,8,1.3,fl_qpsk_2_5,1533744655,2018,8,8
43,00:a0:bc:87:86:c2,25,1.2,fl_qpsk_2_5,1533744655,2018,8,8
44,00:a0:bc:87:86:c2,8,1.7,fl_qpsk_1_2,1533744715,2018,8,8
45,00:a0:bc:87:86:c2,25,1.5,fl_qpsk_2_5,1533744715,2018,8,8
46,00:a0:bc:87:86:c2,49,1.7,fl_qpsk_1_2,1533744715,2018,8,8
47,00:a0:bc:87:86:c2,26,1.1,fl_qpsk_2_5,1533744715,2018,8,8
48,00:a0:bc:87:86:c2,26,0.9,fl_qpsk_2_5,1533744775,2018,8,8
49,00:a0:bc:87:86:c2,49,1.4,fl_qpsk_2_5,1533744775,2018,8,8
50,00:a0:bc:87:86:c2,25,1.2,fl_qpsk_2_5,1533744775,2018,8,8
51,00:a0:bc:87:86:c2,8,1.3,fl_qpsk_2_5,1533744775,2018,8,8
52,00:a0:bc:87:86:c2,26,0.9,fl_qpsk_2_5,1533744835,2018,8,8
53,00:a0:bc:87:86:c2,49,1.4,fl_qpsk_2_5,1533744835,2018,8,8
54,00:a0:bc:87:86:c2,8,1.4,fl_qpsk_2_5,1533744835,2018,8,8
55,00:a0:bc:87:86:c2,25,1.3,fl_qpsk_2_5,1533744835,2018,8,8
56,00:a0:bc:87:86:c2,25,1.6,fl_qpsk_2_5,1533744895,2018,8,8
57,00:a0:bc:87:86:c2,49,1.6,fl_qpsk_2_5,1533744895,2018,8,8
58,00:a0:bc:87:86:c2,26,1.2,fl_qpsk_2_5,1533744895,2018,8,8
59,00:a0:bc:87:86:c2,8,1.6,fl_qpsk_2_5,1533744895,2018,8,8
60,00:a0:bc:87:86:c2,49,1.6,fl_qpsk_2_5,1533744955,2018,8,8
61,00:a0:bc:87:86:c2,25,1.6,fl_qpsk_1_2,1533744955,2018,8,8
62,00:a0:bc:87:86:c2,8,1.6,fl_qpsk_1_2,1533744955,2018,8,8
63,00:a0:bc:87:86:c2,26,1.1,fl_qpsk_2_5,1533744955,2018,8,8
64,00:a0:bc:87:86:c2,49,1.6,fl_qpsk_2_5,1533745015,2018,8,8
65,00:a0:bc:87:86:c2,26,1.2,fl_qpsk_2_5,1533745015,2018,8,8
66,00:a0:bc:87:86:c2,8,1.5,fl_qpsk_2_5,1533745015,2018,8,8
67,00:a0:bc:87:86:c2,25,1.6,fl_qpsk_1_2,1533745015,2018,8,8
68,00:a0:bc:87:86:c2,8,1.6,fl_qpsk_2_5,1533745075,2018,8,8
69,00:a0:bc:87:86:c2,26,1.1,fl_qpsk_2_5,1533745075,2018,8,8
70,00:a0:bc:87:86:c2,25,1.6,fl_qpsk_2_5,1533745075,2018,8,8
71,00:a0:bc:87:86:c2,49,1.6,fl_qpsk_2_5,1533745075,2018,8,8
72,00:a0:bc:87:86:c2,26,1.2,fl_qpsk_1_3,1533745135,2018,8,8
73,00:a0:bc:87:86:c2,8,1.6,fl_qpsk_2_5,1533745135,2018,8,8
74,00:a0:bc:87:86:c2,49,1.5,fl_qpsk_2_5,1533745135,2018,8,8
75,00:a0:bc:87:86:c2,25,1.5,fl_qpsk_2_5,1533745135,2018,8,8
76,00:a0:bc:87:86:c2,25,1.6,fl_qpsk_2_5,1533745195,2018,8,8
77,00:a0:bc:87:86:c2,49,1.5,fl_qpsk_2_5,1533745195,2018,8,8
78,00:a0:bc:87:86:c2,26,1.0,fl_qpsk_2_5,1533745195,2018,8,8
79,00:a0:bc:87:86:c2,8,1.4,fl_qpsk_2_5,1533745195,2018,8,8
80,00:a0:bc:87:86:c2,26,1.4,fl_qpsk_2_5,1533745255,2018,8,8
81,00:a0:bc:87:86:c2,8,1.8,fl_qpsk_2_5,1533745255,2018,8,8
82,00:a0:bc:87:86:c2,25,1.8,fl_qpsk_2_5,1533745255,2018,8,8
83,00:a0:bc:87:86:c2,49,1.8,fl_qpsk_2_5,1533745255,2018,8,8
84,00:a0:bc:87:86:c2,49,1.4,fl_qpsk_2_5,1533745315,2018,8,8
85,00:a0:bc:87:86:c2,8,1.4,fl_qpsk_2_5,1533745315,2018,8,8
86,00:a0:bc:87:86:c2,26,1.0,fl_qpsk_2_5,1533745315,2018,8,8
87,00:a0:bc:87:86:c2,25,1.5,fl_qpsk_2_5,1533745315,2018,8,8
88,00:a0:bc:87:86:c2,26,0.9,fl_qpsk_2_5,1533745375,2018,8,8
89,00:a0:bc:87:86:c2,49,1.4,fl_qpsk_2_5,1533745375,2018,8,8
90,00:a0:bc:87:86:c2,25,1.4,fl_qpsk_2_5,1533745375,2018,8,8
91,00:a0:bc:87:86:c2,8,1.3,fl_qpsk_2_5,1533745375,2018,8,8
92,00:a0:bc:87:86:c2,26,1.3,fl_qpsk_2_5,1533745435,2018,8,8
93,00:a0:bc:87:86:c2,25,1.7,fl_qpsk_2_5,1533745435,2018,8,8
94,00:a0:bc:87:86:c2,8,1.7,fl_qpsk_2_5,1533745435,2018,8,8
95,00:a0:bc:87:86:c2,49,1.7,fl_qpsk_2_5,1533745435,2018,8,8
96,00:a0:bc:87:86:c2,26,1.1,fl_qpsk_2_5,1533745495,2018,8,8
97,00:a0:bc:87:86:c2,8,1.6,fl_qpsk_2_5,1533745495,2018,8,8
98,00:a0:bc:87:86:c2,25,1.5,fl_qpsk_2_5,1533745495,2018,8,8
99,00:a0:bc:87:86:c2,49,1.6,fl_qpsk_2_5,1533745495,2018,8,8
100,00:a0:bc:87:86:c2,26,1.2,fl_qpsk_2_5,1533745555,2018,8,8
101,00:a0:bc:87:86:c2,25,1.6,fl_qpsk_2_5,1533745555,2018,8,8
102,00:a0:bc:87:86:c2,8,1.7,fl_qpsk_2_5,1533745555,2018,8,8
103,00:a0:bc:87:86:c2,49,1.7,fl_qpsk_2_5,1533745555,2018,8,8
104,00:a0:bc:87:86:c2,25,1.2,fl_qpsk_2_5,1533745615,2018,8,8
105,00:a0:bc:87:86:c2,49,1.2,fl_qpsk_2_5,1533745615,2018,8,8
106,00:a0:bc:87:86:c2,26,0.7,fl_qpsk_1_3,1533745615,2018,8,8
107,00:a0:bc:87:86:c2,8,1.2,fl_qpsk_2_5,1533745615,2018,8,8
108,00:a0:bc:87:86:c2,25,1.5,fl_qpsk_2_5,1533745675,2018,8,8
109,00:a0:bc:87:86:c2,8,1.5,fl_qpsk_2_5,1533745675,2018,8,8
110,00:a0:bc:87:86:c2,49,1.5,fl_qpsk_2_5,1533745675,2018,8,8
111,00:a0:bc:87:86:c2,26,0.9,fl_qpsk_2_5,1533745675,2018,8,8
112,00:a0:bc:87:86:c2,25,1.6,fl_qpsk_2_5,1533745735,2018,8,8
113,00:a0:bc:87:86:c2,8,1.7,fl_qpsk_2_5,1533745735,2018,8,8
114,00:a0:bc:87:86:c2,49,1.7,fl_qpsk_2_5,1533745735,2018,8,8
115,00:a0:bc:87:86:c2,26,1.2,fl_qpsk_2_5,1533745735,2018,8,8
116,00:a0:bc:87:86:c2,8,1.4,fl_qpsk_2_5,1533745795,2018,8,8
117,00:a0:bc:87:86:c2,26,1.0,fl_qpsk_2_5,1533745795,2018,8,8
118,00:a0:bc:87:86:c2,49,1.5,fl_qpsk_2_5,1533745795,2018,8,8
119,00:a0:bc:87:86:c2,25,1.5,fl_qpsk_2_5,1533745795,2018,8,8
120,00:a0:bc:87:86:c2,49,1.5,fl_qpsk_2_5,1533745855,2018,8,8
121,00:a0:bc:87:86:c2,26,0.9,fl_qpsk_2_5,1533745855,2018,8,8
122,00:a0:bc:87:86:c2,8,1.5,fl_qpsk_2_5,1533745855,2018,8,8
123,00:a0:bc:87:86:c2,25,1.4,fl_qpsk_2_5,1533745855,2018,8,8
124,00:a0:bc:87:86:c2,8,1.5,fl_qpsk_2_5,1533745915,2018,8,8
125,00:a0:bc:87:86:c2,25,1.5,fl_qpsk_2_5,1533745915,2018,8,8
126,00:a0:bc:87:86:c2,49,1.5,fl_qpsk_2_5,1533745915,2018,8,8
127,00:a0:bc:87:86:c2,26,1.0,fl_qpsk_1_3,1533745915,2018,8,8
128,00:a0:bc:87:86:c2,49,1.5,fl_qpsk_2_5,1533745975,2018,8,8
129,00:a0:bc:87:86:c2,8,1.5,fl_qpsk_2_5,1533745975,2018,8,8
130,00:a0:bc:87:86:c2,26,1.0,fl_qpsk_2_5,1533745975,2018,8,8
131,00:a0:bc:87:86:c2,25,1.5,fl_qpsk_2_5,1533745975,2018,8,8
132,00:a0:bc:87:86:c2,8,1.5,fl_qpsk_2_5,1533746035,2018,8,8
133,00:a0:bc:87:86:c2,25,1.6,fl_qpsk_2_5,1533746035,2018,8,8
134,00:a0:bc:87:86:c2,49,1.6,fl_qpsk_2_5,1533746035,2018,8,8
135,00:a0:bc:87:86:c2,26,1.1,fl_qpsk_2_5,1533746035,2018,8,8
136,00:a0:bc:87:86:c2,26,1.2,fl_qpsk_2_5,1533746095,2018,8,8
137,00:a0:bc:87:86:c2,49,1.7,fl_qpsk_2_5,1533746095,2018,8,8
138,00:a0:bc:87:86:c2,25,1.6,fl_qpsk_2_5,1533746095,2018,8,8
139,00:a0:bc:87:86:c2,8,1.7,fl_qpsk_2_5,1533746095,2018,8,8
140,00:a0:bc:87:86:c2,8,1.5,fl_qpsk_2_5,1533746155,2018,8,8
141,00:a0:bc:87:86:c2,25,1.4,fl_qpsk_2_5,1533746155,2018,8,8
142,00:a0:bc:87:86:c2,49,1.5,fl_qpsk_2_5,1533746155,2018,8,8
143,00:a0:bc:87:86:c2,26,0.9,fl_qpsk_2_5,1533746155,2018,8,8
144,00:a0:bc:87:86:c2,25,1.5,fl_qpsk_2_5,1533746215,2018,8,8
145,00:a0:bc:87:86:c2,26,1.0,fl_qpsk_2_5,1533746215,2018,8,8
146,00:a0:bc:87:86:c2,49,1.5,fl_qpsk_2_5,1533746215,2018,8,8
147,00:a0:bc:87:86:c2,8,1.4,fl_qpsk_2_5,1533746215,2018,8,8
148,00:a0:bc:87:86:c2,25,1.2,fl_qpsk_2_5,1533746275,2018,8,8
149,00:a0:bc:87:86:c2,49,1.2,fl_qpsk_2_5,1533746275,2018,8,8
150,00:a0:bc:87:86:c2,26,0.8,fl_qpsk_2_5,1533746275,2018,8,8
151,00:a0:bc:87:86:c2,8,1.2,fl_qpsk_2_5,1533746275,2018,8,8
152,00:a0:bc:87:86:c2,25,1.5,fl_qpsk_2_5,1533746335,2018,8,8
153,00:a0:bc:87:86:c2,49,1.5,fl_qpsk_2_5,1533746335,2018,8,8
154,00:a0:bc:87:86:c2,8,1.5,fl_qpsk_2_5,1533746335,2018,8,8
155,00:a0:bc:87:86:c2,26,1.0,fl_qpsk_2_5,1533746335,2018,8,8
156,00:a0:bc:87:86:c2,8,1.7,fl_qpsk_1_2,1533746395,2018,8,8
157,00:a0:bc:87:86:c2,49,1.7,fl_qpsk_1_2,1533746395,2018,8,8
158,00:a0:bc:87:86:c2,26,1.2,fl_qpsk_2_5,1533746395,2018,8,8
159,00:a0:bc:87:86:c2,25,1.6,fl_qpsk_1_2,1533746395,2018,8,8
160,00:a0:bc:87:86:c2,49,1.7,fl_qpsk_1_2,1533746455,2018,8,8
161,00:a0:bc:87:86:c2,26,1.3,fl_qpsk_2_5,1533746455,2018,8,8
162,00:a0:bc:87:86:c2,8,1.7,fl_qpsk_1_2,1533746455,2018,8,8
163,00:a0:bc:87:86:c2,25,1.7,fl_qpsk_1_2,1533746455,2018,8,8
164,00:a0:bc:87:86:c2,26,1.3,fl_qpsk_2_5,1533746515,2018,8,8
165,00:a0:bc:87:86:c2,25,1.7,fl_qpsk_1_2,1533746515,2018,8,8
166,00:a0:bc:87:86:c2,49,1.7,fl_qpsk_1_2,1533746515,2018,8,8
167,00:a0:bc:87:86:c2,8,1.7,fl_qpsk_1_2,1533746515,2018,8,8
168,00:a0:bc:87:86:c2,26,1.2,fl_qpsk_2_5,1533746575,2018,8,8
169,00:a0:bc:87:86:c2,25,1.7,fl_qpsk_1_2,1533746575,2018,8,8
170,00:a0:bc:87:86:c2,49,1.6,fl_qpsk_1_2,1533746575,2018,8,8
171,00:a0:bc:87:86:c2,8,1.6,fl_qpsk_1_2,1533746575,2018,8,8
172,00:a0:bc:87:86:c2,49,1.5,fl_qpsk_2_5,1533746635,2018,8,8
173,00:a0:bc:87:86:c2,25,1.6,fl_qpsk_1_2,1533746635,2018,8,8
174,00:a0:bc:87:86:c2,26,1.1,fl_qpsk_2_5,1533746635,2018,8,8
175,00:a0:bc:87:86:c2,8,1.5,fl_qpsk_2_5,1533746635,2018,8,8
176,00:a0:bc:87:86:c2,49,1.4,fl_qpsk_2_5,1533746695,2018,8,8
177,00:a0:bc:87:86:c2,26,0.9,fl_qpsk_2_5,1533746695,2018,8,8
178,00:a0:bc:87:86:c2,8,1.3,fl_qpsk_2_5,1533746695,2018,8,8
179,00:a0:bc:87:86:c2,25,1.5,fl_qpsk_1_2,1533746695,2018,8,8
180,00:a0:bc:87:86:c2,8,1.2,fl_qpsk_2_5,1533746755,2018,8,8
181,00:a0:bc:87:86:c2,25,1.4,fl_qpsk_2_5,1533746755,2018,8,8
182,00:a0:bc:87:86:c2,26,0.9,fl_qpsk_2_5,1533746755,2018,8,8
183,00:a0:bc:87:86:c2,49,1.2,fl_qpsk_2_5,1533746755,2018,8,8
184,00:a0:bc:87:86:c2,25,1.3,fl_qpsk_2_5,1533746815,2018,8,8
185,00:a0:bc:87:86:c2,8,1.1,fl_qpsk_2_5,1533746815,2018,8,8
186,00:a0:bc:87:86:c2,26,0.7,fl_qpsk_1_3,1533746815,2018,8,8
187,00:a0:bc:87:86:c2,49,1.1,fl_qpsk_2_5,1533746815,2018,8,8
188,00:a0:bc:87:86:c2,25,0.9,fl_qpsk_2_5,1533746875,2018,8,8
189,00:a0:bc:87:86:c2,49,0.8,fl_qpsk_2_5,1533746875,2018,8,8
190,00:a0:bc:87:86:c2,26,0.5,fl_qpsk_1_3,1533746875,2018,8,8
191,00:a0:bc:87:86:c2,8,0.8,fl_qpsk_2_5,1533746875,2018,8,8
192,00:a0:bc:87:86:c2,25,0.8,fl_qpsk_1_3,1533746935,2018,8,8
193,00:a0:bc:87:86:c2,8,0.6,fl_qpsk_1_3,1533746935,2018,8,8
194,00:a0:bc:87:86:c2,49,0.7,fl_qpsk_1_3,1533746935,2018,8,8
195,00:a0:bc:87:86:c2,26,0.2,fl_qpsk_1_3,1533746935,2018,8,8
196,00:a0:bc:87:86:c2,49,0.4,fl_qpsk_1_3,1533746995,2018,8,8
197,00:a0:bc:87:86:c2,26,0.0,fl_qpsk_1_3,1533746995,2018,8,8
198,00:a0:bc:87:86:c2,8,0.3,fl_qpsk_1_3,1533746995,2018,8,8
199,00:a0:bc:87:86:c2,25,0.4,fl_qpsk_1_3,1533746995,2018,8,8
200,00:a0:bc:87:86:c2,26,-0.3,fl_qpsk_1_3,1533747055,2018,8,8
201,00:a0:bc:87:86:c2,25,0.0,fl_qpsk_1_3,1533747055,2018,8,8
202,00:a0:bc:87:86:c2,49,0.0,fl_qpsk_1_3,1533747055,2018,8,8
203,00:a0:bc:87:86:c2,8,0.0,fl_qpsk_1_3,1533747055,2018,8,8
204,00:a0:bc:87:86:c2,37,0.0,fl_bpsk_4_15,1533747078,2018,8,8
205,00:a0:bc:87:86:c2,53,0.0,fl_bpsk_4_15,1533747078,2018,8,8
206,00:a0:bc:87:86:c2,31,0.0,fl_bpsk_4_15,1533747078,2018,8,8
207,00:a0:bc:87:86:c2,29,0.0,fl_bpsk_4_15,1533747078,2018,8,8
208,00:a0:bc:87:86:c2,62,0.0,fl_bpsk_4_15,1533747078,2018,8,8
209,00:a0:bc:87:86:c2,33,0.0,fl_bpsk_4_15,1533747078,2018,8,8
210,00:a0:bc:87:86:c2,37,0.3,fl_qpsk_1_3,1533747138,2018,8,8
211,00:a0:bc:87:86:c2,31,1.0,fl_qpsk_2_5,1533747138,2018,8,8
212,00:a0:bc:87:86:c2,29,1.0,fl_qpsk_2_5,1533747138,2018,8,8
213,00:a0:bc:87:86:c2,53,0.4,fl_qpsk_1_3,1533747138,2018,8,8
214,00:a0:bc:87:86:c2,33,0.7,fl_qpsk_1_3,1533747138,2018,8,8
215,00:a0:bc:87:86:c2,62,0.0,fl_qpsk_1_3,1533747138,2018,8,8
216,00:a0:bc:87:86:c2,33,0.8,fl_qpsk_2_5,1533747198,2018,8,8
217,00:a0:bc:87:86:c2,37,0.4,fl_qpsk_1_3,1533747198,2018,8,8
218,00:a0:bc:87:86:c2,29,1.1,fl_qpsk_2_5,1533747198,2018,8,8
219,00:a0:bc:87:86:c2,53,0.6,fl_qpsk_1_3,1533747198,2018,8,8
220,00:a0:bc:87:86:c2,31,1.2,fl_qpsk_2_5,1533747198,2018,8,8
221,00:a0:bc:87:86:c2,62,0.1,fl_qpsk_1_3,1533747198,2018,8,8
222,00:a0:bc:87:86:c2,31,1.2,fl_qpsk_2_5,1533747258,2018,8,8
223,00:a0:bc:87:86:c2,53,0.6,fl_qpsk_1_3,1533747258,2018,8,8
224,00:a0:bc:87:86:c2,33,1.0,fl_qpsk_2_5,1533747258,2018,8,8
225,00:a0:bc:87:86:c2,62,0.2,fl_qpsk_1_3,1533747258,2018,8,8
226,00:a0:bc:87:86:c2,29,1.3,fl_qpsk_2_5,1533747258,2018,8,8
227,00:a0:bc:87:86:c2,37,0.5,fl_qpsk_1_3,1533747258,2018,8,8
228,00:a0:bc:87:86:c2,53,0.8,fl_qpsk_1_3,1533747318,2018,8,8
229,00:a0:bc:87:86:c2,31,1.5,fl_qpsk_2_5,1533747318,2018,8,8
230,00:a0:bc:87:86:c2,33,1.0,fl_qpsk_2_5,1533747318,2018,8,8
231,00:a0:bc:87:86:c2,62,0.3,fl_qpsk_1_3,1533747318,2018,8,8
232,00:a0:bc:87:86:c2,37,0.6,fl_qpsk_1_3,1533747318,2018,8,8
233,00:a0:bc:87:86:c2,29,1.4,fl_qpsk_2_5,1533747318,2018,8,8
234,00:a0:bc:87:86:c2,53,0.7,fl_qpsk_1_3,1533747378,2018,8,8
235,00:a0:bc:87:86:c2,37,0.7,fl_qpsk_1_3,1533747378,2018,8,8
236,00:a0:bc:87:86:c2,29,1.3,fl_qpsk_2_5,1533747378,2018,8,8
237,00:a0:bc:87:86:c2,33,1.0,fl_qpsk_2_5,1533747378,2018,8,8
238,00:a0:bc:87:86:c2,62,0.2,fl_qpsk_1_3,1533747378,2018,8,8
239,00:a0:bc:87:86:c2,31,1.4,fl_qpsk_2_5,1533747378,2018,8,8
240,00:a0:bc:87:86:c2,62,0.4,fl_qpsk_1_3,1533747438,2018,8,8
241,00:a0:bc:87:86:c2,33,1.2,fl_qpsk_2_5,1533747438,2018,8,8
242,00:a0:bc:87:86:c2,29,1.5,fl_qpsk_1_2,1533747438,2018,8,8
243,00:a0:bc:87:86:c2,37,0.8,fl_qpsk_1_3,1533747438,2018,8,8
244,00:a0:bc:87:86:c2,53,1.0,fl_qpsk_2_5,1533747438,2018,8,8
245,00:a0:bc:87:86:c2,31,1.5,fl_qpsk_1_2,1533747438,2018,8,8
246,00:a0:bc:87:86:c2,31,1.5,fl_qpsk_1_2,1533747498,2018,8,8
247,00:a0:bc:87:86:c2,33,1.2,fl_qpsk_2_5,1533747498,2018,8,8
248,00:a0:bc:87:86:c2,53,1.0,fl_qpsk_2_5,1533747498,2018,8,8
249,00:a0:bc:87:86:c2,62,0.5,fl_qpsk_1_3,1533747498,2018,8,8
250,00:a0:bc:87:86:c2,29,1.5,fl_qpsk_1_2,1533747498,2018,8,8
251,00:a0:bc:87:86:c2,37,0.8,fl_qpsk_2_5,1533747498,2018,8,8
252,00:a0:bc:87:86:c2,29,1.6,fl_qpsk_1_2,1533747558,2018,8,8
253,00:a0:bc:87:86:c2,62,0.5,fl_qpsk_1_3,1533747558,2018,8,8
254,00:a0:bc:87:86:c2,31,1.6,fl_qpsk_1_2,1533747558,2018,8,8
255,00:a0:bc:87:86:c2,53,0.9,fl_qpsk_2_5,1533747558,2018,8,8
256,00:a0:bc:87:86:c2,33,1.3,fl_qpsk_2_5,1533747558,2018,8,8
257,00:a0:bc:87:86:c2,37,0.7,fl_qpsk_1_3,1533747558,2018,8,8
258,00:a0:bc:87:86:c2,37,0.9,fl_qpsk_2_5,1533747618,2018,8,8
259,00:a0:bc:87:86:c2,53,1.0,fl_qpsk_2_5,1533747618,2018,8,8
260,00:a0:bc:87:86:c2,31,1.6,fl_qpsk_1_2,1533747618,2018,8,8
261,00:a0:bc:87:86:c2,29,1.5,fl_qpsk_1_2,1533747618,2018,8,8
262,00:a0:bc:87:86:c2,62,0.4,fl_qpsk_1_3,1533747618,2018,8,8
263,00:a0:bc:87:86:c2,33,1.2,fl_qpsk_2_5,1533747618,2018,8,8
264,00:a0:bc:87:86:c2,31,1.6,fl_qpsk_1_2,1533747678,2018,8,8
265,00:a0:bc:87:86:c2,62,0.5,fl_qpsk_1_3,1533747678,2018,8,8
266,00:a0:bc:87:86:c2,53,1.0,fl_qpsk_2_5,1533747678,2018,8,8
267,00:a0:bc:87:86:c2,37,0.8,fl_qpsk_1_3,1533747678,2018,8,8
268,00:a0:bc:87:86:c2,29,1.5,fl_qpsk_2_5,1533747678,2018,8,8
269,00:a0:bc:87:86:c2,33,1.2,fl_qpsk_2_5,1533747678,2018,8,8
270,00:a0:bc:87:86:c2,37,0.8,fl_qpsk_1_3,1533747738,2018,8,8
271,00:a0:bc:87:86:c2,29,1.5,fl_qpsk_2_5,1533747738,2018,8,8
272,00:a0:bc:87:86:c2,33,1.2,fl_qpsk_2_5,1533747738,2018,8,8
273,00:a0:bc:87:86:c2,53,0.9,fl_qpsk_2_5,1533747738,2018,8,8
274,00:a0:bc:87:86:c2,31,1.5,fl_qpsk_1_2,1533747738,2018,8,8
275,00:a0:bc:87:86:c2,62,0.4,fl_qpsk_1_3,1533747738,2018,8,8
276,00:a0:bc:87:86:c2,29,1.3,fl_qpsk_2_5,1533747799,2018,8,8
277,00:a0:bc:87:86:c2,53,0.7,fl_qpsk_1_3,1533747799,2018,8,8
278,00:a0:bc:87:86:c2,37,0.7,fl_qpsk_1_3,1533747799,2018,8,8
279,00:a0:bc:87:86:c2,33,1.1,fl_qpsk_2_5,1533747799,2018,8,8
280,00:a0:bc:87:86:c2,62,0.2,fl_qpsk_1_3,1533747799,2018,8,8
281,00:a0:bc:87:86:c2,31,1.4,fl_qpsk_2_5,1533747799,2018,8,8
282,00:a0:bc:87:86:c2,37,0.6,fl_qpsk_1_3,1533747859,2018,8,8
283,00:a0:bc:87:86:c2,62,0.0,fl_qpsk_1_3,1533747859,2018,8,8
284,00:a0:bc:87:86:c2,29,1.2,fl_qpsk_2_5,1533747859,2018,8,8
285,00:a0:bc:87:86:c2,33,0.9,fl_qpsk_2_5,1533747859,2018,8,8
286,00:a0:bc:87:86:c2,31,1.2,fl_qpsk_2_5,1533747859,2018,8,8
287,00:a0:bc:87:86:c2,53,0.6,fl_qpsk_1_3,1533747859,2018,8,8
288,00:a0:bc:87:86:c2,37,0.4,fl_qpsk_1_3,1533747920,2018,8,8
289,00:a0:bc:87:86:c2,53,0.6,fl_qpsk_1_3,1533747920,2018,8,8
290,00:a0:bc:87:86:c2,33,0.8,fl_qpsk_1_3,1533747920,2018,8,8
291,00:a0:bc:87:86:c2,29,1.0,fl_qpsk_2_5,1533747920,2018,8,8
292,00:a0:bc:87:86:c2,31,1.1,fl_qpsk_2_5,1533747920,2018,8,8
293,00:a0:bc:87:86:c2,62,0.0,fl_qpsk_1_3,1533747920,2018,8,8
294,00:a0:bc:87:86:c2,53,0.4,fl_qpsk_1_3,1533747981,2018,8,8
295,00:a0:bc:87:86:c2,33,0.6,fl_qpsk_1_3,1533747981,2018,8,8
296,00:a0:bc:87:86:c2,31,1.0,fl_qpsk_2_5,1533747981,2018,8,8
297,00:a0:bc:87:86:c2,37,0.3,fl_qpsk_1_3,1533747981,2018,8,8
298,00:a0:bc:87:86:c2,29,0.9,fl_qpsk_2_5,1533747981,2018,8,8
299,00:a0:bc:87:86:c2,62,0.0,fl_qpsk_1_3,1533747981,2018,8,8
300,00:a0:bc:87:86:c2,31,0.7,fl_qpsk_1_3,1533748041,2018,8,8
301,00:a0:bc:87:86:c2,33,0.5,fl_qpsk_1_3,1533748041,2018,8,8
302,00:a0:bc:87:86:c2,29,0.7,fl_qpsk_1_3,1533748041,2018,8,8
303,00:a0:bc:87:86:c2,37,0.0,fl_qpsk_1_3,1533748041,2018,8,8
304,00:a0:bc:87:86:c2,62,0.0,fl_qpsk_1_3,1533748041,2018,8,8
305,00:a0:bc:87:86:c2,53,0.3,fl_qpsk_1_3,1533748041,2018,8,8
306,00:a0:bc:87:86:c2,56,0.0,fl_bpsk_4_15,1533748070,2018,8,8
307,00:a0:bc:87:86:c2,1,0.0,fl_bpsk_4_15,1533748070,2018,8,8
308,00:a0:bc:87:86:c2,33,0.0,fl_bpsk_4_15,1533748070,2018,8,8
309,00:a0:bc:87:86:c2,62,0.0,fl_bpsk_4_15,1533748070,2018,8,8
310,00:a0:bc:87:86:c2,53,0.0,fl_bpsk_4_15,1533748070,2018,8,8
311,00:a0:bc:87:86:c2,45,0.0,fl_bpsk_4_15,1533748070,2018,8,8
312,00:a0:bc:87:86:c2,33,2.1,fl_qpsk_1_2,1533748130,2018,8,8
313,00:a0:bc:87:86:c2,53,1.5,fl_qpsk_2_5,1533748130,2018,8,8
314,00:a0:bc:87:86:c2,62,1.6,fl_qpsk_1_2,1533748130,2018,8,8
315,00:a0:bc:87:86:c2,56,2.0,fl_qpsk_1_2,1533748130,2018,8,8
316,00:a0:bc:87:86:c2,45,2.0,fl_qpsk_1_2,1533748130,2018,8,8
317,00:a0:bc:87:86:c2,1,2.0,fl_qpsk_1_2,1533748130,2018,8,8
318,00:a0:bc:87:86:c2,56,2.6,fl_qpsk_8_15,1533748190,2018,8,8
319,00:a0:bc:87:86:c2,62,2.0,fl_qpsk_1_2,1533748190,2018,8,8
320,00:a0:bc:87:86:c2,1,2.4,fl_qpsk_1_2,1533748190,2018,8,8
321,00:a0:bc:87:86:c2,53,1.9,fl_qpsk_1_2,1533748190,2018,8,8
322,00:a0:bc:87:86:c2,33,2.5,fl_qpsk_8_15,1533748190,2018,8,8
323,00:a0:bc:87:86:c2,45,2.5,fl_qpsk_1_2,1533748190,2018,8,8
324,00:a0:bc:87:86:c2,45,2.9,fl_qpsk_8_15,1533748250,2018,8,8
325,00:a0:bc:87:86:c2,53,2.3,fl_qpsk_1_2,1533748250,2018,8,8
326,00:a0:bc:87:86:c2,56,2.9,fl_qpsk_8_15,1533748250,2018,8,8
327,00:a0:bc:87:86:c2,62,2.4,fl_qpsk_1_2,1533748250,2018,8,8
328,00:a0:bc:87:86:c2,1,2.8,fl_qpsk_8_15,1533748250,2018,8,8
329,00:a0:bc:87:86:c2,33,3.0,fl_qpsk_8_15,1533748250,2018,8,8
330,00:a0:bc:87:86:c2,1,3.2,fl_qpsk_8_15,1533748310,2018,8,8
331,00:a0:bc:87:86:c2,45,3.3,fl_qpsk_8_15,1533748310,2018,8,8
332,00:a0:bc:87:86:c2,62,2.8,fl_qpsk_8_15,1533748310,2018,8,8
333,00:a0:bc:87:86:c2,56,3.3,fl_qpsk_8_15,1533748310,2018,8,8
334,00:a0:bc:87:86:c2,53,2.6,fl_qpsk_8_15,1533748310,2018,8,8
335,00:a0:bc:87:86:c2,33,3.3,fl_qpsk_8_15,1533748310,2018,8,8
336,00:a0:bc:87:86:c2,62,3.2,fl_qpsk_8_15,1533748370,2018,8,8
337,00:a0:bc:87:86:c2,1,3.5,fl_qpsk_8_15,1533748370,2018,8,8
338,00:a0:bc:87:86:c2,45,3.6,fl_qpsk_8_15,1533748370,2018,8,8
339,00:a0:bc:87:86:c2,33,3.7,fl_qpsk_3_5,1533748370,2018,8,8
340,00:a0:bc:87:86:c2,53,2.9,fl_qpsk_8_15,1533748370,2018,8,8
341,00:a0:bc:87:86:c2,56,3.6,fl_qpsk_3_5,1533748370,2018,8,8
342,00:a0:bc:87:86:c2,1,3.8,fl_qpsk_3_5,1533748430,2018,8,8
343,00:a0:bc:87:86:c2,56,3.9,fl_qpsk_3_5,1533748430,2018,8,8
344,00:a0:bc:87:86:c2,53,3.2,fl_qpsk_8_15,1533748430,2018,8,8
345,00:a0:bc:87:86:c2,62,3.4,fl_qpsk_8_15,1533748430,2018,8,8
346,00:a0:bc:87:86:c2,33,4.0,fl_qpsk_3_5,1533748430,2018,8,8
347,00:a0:bc:87:86:c2,45,4.0,fl_qpsk_3_5,1533748430,2018,8,8
348,00:a0:bc:87:86:c2,56,4.2,fl_qpsk_3_5,1533748490,2018,8,8
349,00:a0:bc:87:86:c2,45,4.2,fl_qpsk_3_5,1533748490,2018,8,8
350,00:a0:bc:87:86:c2,53,3.4,fl_qpsk_8_15,1533748490,2018,8,8
351,00:a0:bc:87:86:c2,33,4.3,fl_qpsk_3_5,1533748490,2018,8,8
352,00:a0:bc:87:86:c2,1,4.1,fl_qpsk_3_5,1533748490,2018,8,8
353,00:a0:bc:87:86:c2,62,3.7,fl_qpsk_3_5,1533748490,2018,8,8
354,00:a0:bc:87:86:c2,1,4.2,fl_qpsk_3_5,1533748550,2018,8,8
355,00:a0:bc:87:86:c2,53,3.7,fl_qpsk_3_5,1533748550,2018,8,8
356,00:a0:bc:87:86:c2,56,4.4,fl_qpsk_2_3,1533748550,2018,8,8
357,00:a0:bc:87:86:c2,45,4.3,fl_qpsk_2_3,1533748550,2018,8,8
358,00:a0:bc:87:86:c2,33,4.6,fl_qpsk_2_3,1533748550,2018,8,8
359,00:a0:bc:87:86:c2,62,3.9,fl_qpsk_3_5,1533748550,2018,8,8
360,00:a0:bc:87:86:c2,33,4.8,fl_qpsk_2_3,1533748610,2018,8,8
361,00:a0:bc:87:86:c2,62,4.1,fl_qpsk_3_5,1533748610,2018,8,8
362,00:a0:bc:87:86:c2,45,4.5,fl_qpsk_2_3,1533748610,2018,8,8
363,00:a0:bc:87:86:c2,1,4.4,fl_qpsk_2_3,1533748610,2018,8,8
364,00:a0:bc:87:86:c2,56,4.6,fl_qpsk_2_3,1533748610,2018,8,8
365,00:a0:bc:87:86:c2,53,3.8,fl_qpsk_3_5,1533748610,2018,8,8
366,00:a0:bc:87:86:c2,62,4.2,fl_qpsk_3_5,1533748670,2018,8,8
367,00:a0:bc:87:86:c2,33,4.9,fl_qpsk_2_3,1533748670,2018,8,8
368,00:a0:bc:87:86:c2,45,4.7,fl_qpsk_2_3,1533748670,2018,8,8
369,00:a0:bc:87:86:c2,53,3.9,fl_qpsk_3_5,1533748670,2018,8,8
370,00:a0:bc:87:86:c2,1,4.6,fl_qpsk_2_3,1533748670,2018,8,8
371,00:a0:bc:87:86:c2,56,4.7,fl_qpsk_2_3,1533748670,2018,8,8
372,00:a0:bc:87:86:c2,1,4.6,fl_qpsk_2_3,1533748730,2018,8,8
373,00:a0:bc:87:86:c2,56,4.8,fl_qpsk_2_3,1533748730,2018,8,8
374,00:a0:bc:87:86:c2,33,5.1,fl_qpsk_2_3,1533748730,2018,8,8
375,00:a0:bc:87:86:c2,62,4.3,fl_qpsk_2_3,1533748730,2018,8,8
376,00:a0:bc:87:86:c2,45,4.8,fl_qpsk_2_3,1533748730,2018,8,8
377,00:a0:bc:87:86:c2,53,4.0,fl_qpsk_3_5,1533748730,2018,8,8
378,00:a0:bc:87:86:c2,33,5.1,fl_qpsk_2_3,1533748790,2018,8,8
379,00:a0:bc:87:86:c2,62,4.5,fl_qpsk_2_3,1533748790,2018,8,8
380,00:a0:bc:87:86:c2,53,4.1,fl_qpsk_3_5,1533748790,2018,8,8
381,00:a0:bc:87:86:c2,1,4.8,fl_qpsk_2_3,1533748790,2018,8,8
382,00:a0:bc:87:86:c2,56,4.9,fl_qpsk_2_3,1533748790,2018,8,8
383,00:a0:bc:87:86:c2,45,4.9,fl_qpsk_2_3,1533748790,2018,8,8
384,00:a0:bc:87:86:c2,62,4.4,fl_qpsk_2_3,1533748850,2018,8,8
385,00:a0:bc:87:86:c2,45,5.0,fl_qpsk_2_3,1533748850,2018,8,8
386,00:a0:bc:87:86:c2,56,5.0,fl_qpsk_2_3,1533748850,2018,8,8
387,00:a0:bc:87:86:c2,1,4.8,fl_qpsk_2_3,1533748850,2018,8,8
388,00:a0:bc:87:86:c2,33,5.2,fl_qpsk_2_3,1533748850,2018,8,8
389,00:a0:bc:87:86:c2,53,4.1,fl_qpsk_3_5,1533748850,2018,8,8
390,00:a0:bc:87:86:c2,62,4.6,fl_qpsk_2_3,1533748910,2018,8,8
391,00:a0:bc:87:86:c2,1,4.9,fl_qpsk_2_3,1533748910,2018,8,8
392,00:a0:bc:87:86:c2,56,5.1,fl_qpsk_2_3,1533748910,2018,8,8
393,00:a0:bc:87:86:c2,45,5.0,fl_qpsk_2_3,1533748910,2018,8,8
394,00:a0:bc:87:86:c2,53,4.2,fl_qpsk_3_5,1533748910,2018,8,8
395,00:a0:bc:87:86:c2,33,5.3,fl_qpsk_3_4,1533748910,2018,8,8
396,00:a0:bc:87:86:c2,33,5.4,fl_qpsk_3_4,1533748970,2018,8,8
397,00:a0:bc:87:86:c2,45,5.1,fl_qpsk_2_3,1533748970,2018,8,8
398,00:a0:bc:87:86:c2,62,4.6,fl_qpsk_2_3,1533748970,2018,8,8
399,00:a0:bc:87:86:c2,56,5.1,fl_qpsk_2_3,1533748970,2018,8,8
400,00:a0:bc:87:86:c2,1,4.9,fl_qpsk_2_3,1533748970,2018,8,8
401,00:a0:bc:87:86:c2,53,4.3,fl_qpsk_3_5,1533748970,2018,8,8
402,00:a0:bc:87:86:c2,45,5.1,fl_qpsk_2_3,1533749030,2018,8,8
403,00:a0:bc:87:86:c2,1,5.0,fl_qpsk_2_3,1533749030,2018,8,8
404,00:a0:bc:87:86:c2,53,4.3,fl_qpsk_3_5,1533749030,2018,8,8
405,00:a0:bc:87:86:c2,56,5.0,fl_qpsk_2_3,1533749030,2018,8,8
406,00:a0:bc:87:86:c2,33,5.3,fl_qpsk_3_4,1533749030,2018,8,8
407,00:a0:bc:87:86:c2,62,4.7,fl_qpsk_2_3,1533749030,2018,8,8
408,00:a0:bc:87:86:c2,56,5.0,fl_qpsk_2_3,1533749090,2018,8,8
409,00:a0:bc:87:86:c2,53,4.2,fl_qpsk_3_5,1533749090,2018,8,8
410,00:a0:bc:87:86:c2,45,5.1,fl_qpsk_2_3,1533749090,2018,8,8
411,00:a0:bc:87:86:c2,1,4.9,fl_qpsk_2_3,1533749090,2018,8,8
412,00:a0:bc:87:86:c2,62,4.6,fl_qpsk_2_3,1533749090,2018,8,8
413,00:a0:bc:87:86:c2,33,5.3,fl_qpsk_3_4,1533749090,2018,8,8
414,00:a0:bc:87:86:c2,33,5.3,fl_qpsk_2_3,1533749150,2018,8,8
415,00:a0:bc:87:86:c2,1,4.9,fl_qpsk_2_3,1533749150,2018,8,8
416,00:a0:bc:87:86:c2,56,4.9,fl_qpsk_2_3,1533749150,2018,8,8
417,00:a0:bc:87:86:c2,45,5.0,fl_qpsk_2_3,1533749150,2018,8,8
418,00:a0:bc:87:86:c2,53,4.2,fl_qpsk_3_5,1533749150,2018,8,8
419,00:a0:bc:87:86:c2,62,4.5,fl_qpsk_2_3,1533749150,2018,8,8
420,00:a0:bc:87:86:c2,45,4.9,fl_qpsk_2_3,1533749210,2018,8,8
421,00:a0:bc:87:86:c2,53,4.1,fl_qpsk_3_5,1533749210,2018,8,8
422,00:a0:bc:87:86:c2,56,4.8,fl_qpsk_2_3,1533749210,2018,8,8
423,00:a0:bc:87:86:c2,62,4.5,fl_qpsk_2_3,1533749210,2018,8,8
424,00:a0:bc:87:86:c2,1,4.8,fl_qpsk_2_3,1533749210,2018,8,8
425,00:a0:bc:87:86:c2,33,5.1,fl_qpsk_2_3,1533749210,2018,8,8
426,00:a0:bc:87:86:c2,45,4.8,fl_qpsk_2_3,1533749270,2018,8,8
427,00:a0:bc:87:86:c2,1,4.7,fl_qpsk_2_3,1533749270,2018,8,8
428,00:a0:bc:87:86:c2,56,4.7,fl_qpsk_2_3,1533749270,2018,8,8
429,00:a0:bc:87:86:c2,53,4.0,fl_qpsk_3_5,1533749270,2018,8,8
430,00:a0:bc:87:86:c2,33,5.0,fl_qpsk_2_3,1533749270,2018,8,8
431,00:a0:bc:87:86:c2,62,4.3,fl_qpsk_2_3,1533749270,2018,8,8
432,00:a0:bc:87:86:c2,56,4.6,fl_qpsk_2_3,1533749330,2018,8,8
433,00:a0:bc:87:86:c2,45,4.7,fl_qpsk_2_3,1533749330,2018,8,8
434,00:a0:bc:87:86:c2,53,4.0,fl_qpsk_3_5,1533749330,2018,8,8
435,00:a0:bc:87:86:c2,62,4.3,fl_qpsk_3_5,1533749330,2018,8,8
436,00:a0:bc:87:86:c2,33,4.8,fl_qpsk_2_3,1533749330,2018,8,8
437,00:a0:bc:87:86:c2,1,4.6,fl_qpsk_2_3,1533749330,2018,8,8
438,00:a0:bc:87:86:c2,53,3.8,fl_qpsk_3_5,1533749390,2018,8,8
439,00:a0:bc:87:86:c2,56,4.4,fl_qpsk_2_3,1533749390,2018,8,8
440,00:a0:bc:87:86:c2,1,4.4,fl_qpsk_2_3,1533749390,2018,8,8
441,00:a0:bc:87:86:c2,62,4.1,fl_qpsk_3_5,1533749390,2018,8,8
442,00:a0:bc:87:86:c2,33,4.6,fl_qpsk_2_3,1533749390,2018,8,8
443,00:a0:bc:87:86:c2,45,4.6,fl_qpsk_2_3,1533749390,2018,8,8
444,00:a0:bc:87:86:c2,45,4.3,fl_qpsk_2_3,1533749450,2018,8,8
445,00:a0:bc:87:86:c2,33,4.4,fl_qpsk_2_3,1533749450,2018,8,8
446,00:a0:bc:87:86:c2,62,3.9,fl_qpsk_3_5,1533749450,2018,8,8
447,00:a0:bc:87:86:c2,1,4.2,fl_qpsk_3_5,1533749450,2018,8,8
448,00:a0:bc:87:86:c2,56,4.2,fl_qpsk_3_5,1533749450,2018,8,8
449,00:a0:bc:87:86:c2,53,3.6,fl_qpsk_3_5,1533749450,2018,8,8
450,00:a0:bc:87:86:c2,45,4.1,fl_qpsk_3_5,1533749510,2018,8,8
451,00:a0:bc:87:86:c2,56,3.9,fl_qpsk_3_5,1533749510,2018,8,8
452,00:a0:bc:87:86:c2,1,3.9,fl_qpsk_3_5,1533749510,2018,8,8
453,00:a0:bc:87:86:c2,62,3.6,fl_qpsk_3_5,1533749510,2018,8,8
454,00:a0:bc:87:86:c2,53,3.4,fl_qpsk_8_15,1533749510,2018,8,8
455,00:a0:bc:87:86:c2,33,4.1,fl_qpsk_3_5,1533749510,2018,8,8
456,00:a0:bc:87:86:c2,56,3.6,fl_qpsk_3_5,1533749570,2018,8,8
457,00:a0:bc:87:86:c2,62,3.4,fl_qpsk_8_15,1533749570,2018,8,8
458,00:a0:bc:87:86:c2,45,3.8,fl_qpsk_3_5,1533749570,2018,8,8
459,00:a0:bc:87:86:c2,33,3.8,fl_qpsk_3_5,1533749570,2018,8,8
460,00:a0:bc:87:86:c2,53,3.0,fl_qpsk_8_15,1533749570,2018,8,8
461,00:a0:bc:87:86:c2,1,3.7,fl_qpsk_3_5,1533749570,2018,8,8
462,00:a0:bc:87:86:c2,56,3.3,fl_qpsk_8_15,1533749630,2018,8,8
463,00:a0:bc:87:86:c2,62,3.0,fl_qpsk_8_15,1533749630,2018,8,8
464,00:a0:bc:87:86:c2,53,2.7,fl_qpsk_8_15,1533749630,2018,8,8
465,00:a0:bc:87:86:c2,1,3.4,fl_qpsk_8_15,1533749630,2018,8,8
466,00:a0:bc:87:86:c2,45,3.5,fl_qpsk_8_15,1533749630,2018,8,8
467,00:a0:bc:87:86:c2,33,3.4,fl_qpsk_8_15,1533749630,2018,8,8
468,00:a0:bc:87:86:c2,1,3.0,fl_qpsk_8_15,1533749690,2018,8,8
469,00:a0:bc:87:86:c2,53,2.4,fl_qpsk_1_2,1533749690,2018,8,8
470,00:a0:bc:87:86:c2,56,2.9,fl_qpsk_8_15,1533749690,2018,8,8
471,00:a0:bc:87:86:c2,33,3.1,fl_qpsk_8_15,1533749690,2018,8,8
472,00:a0:bc:87:86:c2,62,2.6,fl_qpsk_8_15,1533749690,2018,8,8
473,00:a0:bc:87:86:c2,45,3.1,fl_qpsk_8_15,1533749690,2018,8,8
474,00:a0:bc:87:86:c2,62,2.3,fl_qpsk_1_2,1533749750,2018,8,8
475,00:a0:bc:87:86:c2,56,2.6,fl_qpsk_8_15,1533749750,2018,8,8
476,00:a0:bc:87:86:c2,53,2.0,fl_qpsk_1_2,1533749750,2018,8,8
477,00:a0:bc:87:86:c2,45,2.7,fl_qpsk_8_15,1533749750,2018,8,8
478,00:a0:bc:87:86:c2,33,2.7,fl_qpsk_8_15,1533749750,2018,8,8
479,00:a0:bc:87:86:c2,1,2.6,fl_qpsk_8_15,1533749750,2018,8,8
480,00:a0:bc:87:86:c2,45,2.2,fl_qpsk_1_2,1533749810,2018,8,8
481,00:a0:bc:87:86:c2,56,2.1,fl_qpsk_1_2,1533749810,2018,8,8
482,00:a0:bc:87:86:c2,33,2.2,fl_qpsk_1_2,1533749810,2018,8,8
483,00:a0:bc:87:86:c2,53,1.7,fl_qpsk_1_2,1533749810,2018,8,8
484,00:a0:bc:87:86:c2,1,2.1,fl_qpsk_1_2,1533749810,2018,8,8
485,00:a0:bc:87:86:c2,62,2.0,fl_qpsk_1_2,1533749810,2018,8,8
486,00:a0:bc:87:86:c2,16,0.0,fl_bpsk_4_15,1533749821,2018,8,8
487,00:a0:bc:87:86:c2,9,0.0,fl_bpsk_4_15,1533749821,2018,8,8
488,00:a0:bc:87:86:c2,4,0.0,fl_bpsk_4_15,1533749821,2018,8,8
489,00:a0:bc:87:86:c2,17,0.0,fl_bpsk_4_15,1533749821,2018,8,8
490,00:a0:bc:87:86:c2,33,0.0,fl_bpsk_4_15,1533749821,2018,8,8
491,00:a0:bc:87:86:c2,51,0.0,fl_bpsk_4_15,1533749821,2018,8,8
492,00:a0:bc:87:86:c2,4,0.0,fl_qpsk_1_3,1533749881,2018,8,8
493,00:a0:bc:87:86:c2,9,1.0,fl_qpsk_2_5,1533749881,2018,8,8
494,00:a0:bc:87:86:c2,17,0.0,fl_qpsk_1_3,1533749881,2018,8,8
495,00:a0:bc:87:86:c2,33,-0.3,fl_qpsk_1_3,1533749881,2018,8,8
496,00:a0:bc:87:86:c2,51,0.9,fl_qpsk_2_5,1533749881,2018,8,8
497,00:a0:bc:87:86:c2,16,0.0,fl_qpsk_1_3,1533749881,2018,8,8
498,00:a0:bc:87:86:c2,17,0.3,fl_qpsk_1_3,1533749941,2018,8,8
499,00:a0:bc:87:86:c2,16,0.2,fl_qpsk_1_3,1533749941,2018,8,8
500,00:a0:bc:87:86:c2,33,0.0,fl_qpsk_1_3,1533749941,2018,8,8
501,00:a0:bc:87:86:c2,4,0.2,fl_qpsk_1_3,1533749941,2018,8,8
502,00:a0:bc:87:86:c2,9,1.4,fl_qpsk_2_5,1533749941,2018,8,8
503,00:a0:bc:87:86:c2,51,1.2,fl_qpsk_2_5,1533749941,2018,8,8
504,00:a0:bc:87:86:c2,4,0.4,fl_qpsk_1_3,1533750001,2018,8,8
505,00:a0:bc:87:86:c2,16,0.3,fl_qpsk_1_3,1533750001,2018,8,8
506,00:a0:bc:87:86:c2,33,0.0,fl_qpsk_1_3,1533750001,2018,8,8
507,00:a0:bc:87:86:c2,9,1.4,fl_qpsk_2_5,1533750001,2018,8,8
508,00:a0:bc:87:86:c2,17,0.5,fl_qpsk_1_3,1533750001,2018,8,8
509,00:a0:bc:87:86:c2,51,1.3,fl_qpsk_2_5,1533750001,2018,8,8
510,00:a0:bc:87:86:c2,51,1.5,fl_qpsk_2_5,1533750061,2018,8,8
511,00:a0:bc:87:86:c2,9,1.6,fl_qpsk_1_2,1533750061,2018,8,8
512,00:a0:bc:87:86:c2,17,0.6,fl_qpsk_1_3,1533750061,2018,8,8
513,00:a0:bc:87:86:c2,4,0.5,fl_qpsk_1_3,1533750061,2018,8,8
514,00:a0:bc:87:86:c2,33,0.1,fl_qpsk_1_3,1533750061,2018,8,8
515,00:a0:bc:87:86:c2,16,0.4,fl_qpsk_1_3,1533750061,2018,8,8
516,00:a0:bc:87:86:c2,16,0.6,fl_qpsk_1_3,1533750121,2018,8,8
517,00:a0:bc:87:86:c2,4,0.5,fl_qpsk_1_3,1533750121,2018,8,8
518,00:a0:bc:87:86:c2,17,0.6,fl_qpsk_1_3,1533750121,2018,8,8
519,00:a0:bc:87:86:c2,9,1.7,fl_qpsk_1_2,1533750121,2018,8,8
520,00:a0:bc:87:86:c2,33,0.0,fl_qpsk_1_3,1533750121,2018,8,8
521,00:a0:bc:87:86:c2,51,1.5,fl_qpsk_2_5,1533750121,2018,8,8
522,00:a0:bc:87:86:c2,4,0.6,fl_qpsk_1_3,1533750181,2018,8,8
523,00:a0:bc:87:86:c2,33,0.1,fl_qpsk_1_3,1533750181,2018,8,8
524,00:a0:bc:87:86:c2,16,0.6,fl_qpsk_1_3,1533750181,2018,8,8
525,00:a0:bc:87:86:c2,17,0.7,fl_qpsk_1_3,1533750181,2018,8,8
526,00:a0:bc:87:86:c2,9,1.7,fl_qpsk_1_2,1533750181,2018,8,8
527,00:a0:bc:87:86:c2,51,1.5,fl_qpsk_2_5,1533750181,2018,8,8
528,00:a0:bc:87:86:c2,58,0.0,fl_bpsk_4_15,1533750203,2018,8,8
529,00:a0:bc:87:86:c2,14,0.0,fl_bpsk_4_15,1533750203,2018,8,8
530,00:a0:bc:87:86:c2,39,0.0,fl_bpsk_4_15,1533750203,2018,8,8
531,00:a0:bc:87:86:c2,36,0.0,fl_bpsk_4_15,1533750203,2018,8,8
532,00:a0:bc:87:86:c2,25,0.0,fl_bpsk_4_15,1533750203,2018,8,8
533,00:a0:bc:87:86:c2,2,0.0,fl_bpsk_4_15,1533750203,2018,8,8
534,00:a0:bc:87:86:c2,9,0.0,fl_bpsk_4_15,1533750203,2018,8,8
535,00:a0:bc:87:86:c2,58,1.2,fl_qpsk_2_5,1533750263,2018,8,8
536,00:a0:bc:87:86:c2,39,1.1,fl_qpsk_2_5,1533750263,2018,8,8
537,00:a0:bc:87:86:c2,9,1.0,fl_qpsk_2_5,1533750263,2018,8,8
538,00:a0:bc:87:86:c2,25,0.0,fl_qpsk_1_3,1533750263,2018,8,8
539,00:a0:bc:87:86:c2,2,0.9,fl_qpsk_2_5,1533750263,2018,8,8
540,00:a0:bc:87:86:c2,36,0.0,fl_qpsk_1_3,1533750263,2018,8,8
541,00:a0:bc:87:86:c2,14,0.5,fl_qpsk_1_3,1533750263,2018,8,8
542,00:a0:bc:87:86:c2,2,1.0,fl_qpsk_2_5,1533750323,2018,8,8
543,00:a0:bc:87:86:c2,58,1.2,fl_qpsk_2_5,1533750323,2018,8,8
544,00:a0:bc:87:86:c2,25,0.0,fl_qpsk_1_3,1533750323,2018,8,8
545,00:a0:bc:87:86:c2,39,1.1,fl_qpsk_2_5,1533750323,2018,8,8
546,00:a0:bc:87:86:c2,9,1.0,fl_qpsk_2_5,1533750323,2018,8,8
547,00:a0:bc:87:86:c2,14,0.6,fl_qpsk_1_3,1533750323,2018,8,8
548,00:a0:bc:87:86:c2,36,0.0,fl_qpsk_1_3,1533750323,2018,8,8
549,00:a0:bc:87:86:c2,2,1.0,fl_qpsk_2_5,1533750383,2018,8,8
550,00:a0:bc:87:86:c2,39,1.0,fl_qpsk_2_5,1533750383,2018,8,8
551,00:a0:bc:87:86:c2,58,1.2,fl_qpsk_2_5,1533750383,2018,8,8
552,00:a0:bc:87:86:c2,36,0.0,fl_qpsk_1_3,1533750383,2018,8,8
553,00:a0:bc:87:86:c2,25,0.0,fl_qpsk_1_3,1533750383,2018,8,8
554,00:a0:bc:87:86:c2,14,0.6,fl_qpsk_1_3,1533750383,2018,8,8
555,00:a0:bc:87:86:c2,9,1.1,fl_qpsk_2_5,1533750383,2018,8,8
556,00:a0:bc:87:86:c2,9,1.0,fl_qpsk_2_5,1533750443,2018,8,8
557,00:a0:bc:87:86:c2,58,1.2,fl_qpsk_2_5,1533750443,2018,8,8
558,00:a0:bc:87:86:c2,14,0.6,fl_qpsk_1_3,1533750443,2018,8,8
559,00:a0:bc:87:86:c2,2,0.9,fl_qpsk_2_5,1533750443,2018,8,8
560,00:a0:bc:87:86:c2,36,-0.1,fl_qpsk_1_3,1533750443,2018,8,8
561,00:a0:bc:87:86:c2,25,0.0,fl_qpsk_1_3,1533750443,2018,8,8
562,00:a0:bc:87:86:c2,39,1.0,fl_qpsk_2_5,1533750443,2018,8,8
563,00:a0:bc:87:86:c2,39,0.9,fl_qpsk_2_5,1533750503,2018,8,8
564,00:a0:bc:87:86:c2,14,0.5,fl_qpsk_1_3,1533750503,2018,8,8
565,00:a0:bc:87:86:c2,58,1.0,fl_qpsk_2_5,1533750503,2018,8,8
566,00:a0:bc:87:86:c2,25,-0.1,fl_qpsk_1_3,1533750503,2018,8,8
567,00:a0:bc:87:86:c2,2,0.8,fl_qpsk_2_5,1533750503,2018,8,8
568,00:a0:bc:87:86:c2,9,0.9,fl_qpsk_2_5,1533750503,2018,8,8
569,00:a0:bc:87:86:c2,36,-0.1,fl_qpsk_1_3,1533750503,2018,8,8
570,00:a0:bc:87:86:c2,2,0.8,fl_qpsk_1_3,1533750563,2018,8,8
571,00:a0:bc:87:86:c2,9,0.8,fl_qpsk_1_3,1533750563,2018,8,8
572,00:a0:bc:87:86:c2,39,0.9,fl_qpsk_2_5,1533750563,2018,8,8
573,00:a0:bc:87:86:c2,36,-0.2,fl_qpsk_1_3,1533750563,2018,8,8
574,00:a0:bc:87:86:c2,58,1.0,fl_qpsk_2_5,1533750563,2018,8,8
575,00:a0:bc:87:86:c2,25,-0.1,fl_qpsk_1_3,1533750563,2018,8,8
576,00:a0:bc:87:86:c2,14,0.4,fl_qpsk_1_3,1533750563,2018,8,8
577,00:a0:bc:87:86:c2,36,-0.4,fl_qpsk_4_15,1533750623,2018,8,8
578,00:a0:bc:87:86:c2,25,-0.3,fl_qpsk_4_15,1533750623,2018,8,8
579,00:a0:bc:87:86:c2,58,0.6,fl_qpsk_1_3,1533750623,2018,8,8
580,00:a0:bc:87:86:c2,14,0.2,fl_qpsk_1_3,1533750623,2018,8,8
581,00:a0:bc:87:86:c2,39,0.6,fl_qpsk_1_3,1533750623,2018,8,8
582,00:a0:bc:87:86:c2,2,0.5,fl_qpsk_1_3,1533750623,2018,8,8
583,00:a0:bc:87:86:c2,9,0.6,fl_qpsk_1_3,1533750623,2018,8,8
584,00:a0:bc:87:86:c2,14,0.1,fl_qpsk_1_3,1533750683,2018,8,8
585,00:a0:bc:87:86:c2,58,0.6,fl_qpsk_1_3,1533750683,2018,8,8
586,00:a0:bc:87:86:c2,39,0.6,fl_qpsk_1_3,1533750683,2018,8,8
587,00:a0:bc:87:86:c2,25,-0.4,fl_qpsk_4_15,1533750683,2018,8,8
588,00:a0:bc:87:86:c2,36,-0.6,fl_qpsk_4_15,1533750683,2018,8,8
589,00:a0:bc:87:86:c2,2,0.4,fl_qpsk_1_3,1533750683,2018,8,8
590,00:a0:bc:87:86:c2,9,0.5,fl_qpsk_1_3,1533750683,2018,8,8
591,00:a0:bc:87:86:c2,15,0.0,fl_bpsk_4_15,1533750711,2018,8,8
592,00:a0:bc:87:86:c2,11,0.0,fl_bpsk_4_15,1533750711,2018,8,8
593,00:a0:bc:87:86:c2,37,0.0,fl_bpsk_4_15,1533750711,2018,8,8
594,00:a0:bc:87:86:c2,41,0.0,fl_bpsk_4_15,1533750711,2018,8,8
595,00:a0:bc:87:86:c2,28,0.0,fl_bpsk_4_15,1533750711,2018,8,8
596,00:a0:bc:87:86:c2,59,0.0,fl_bpsk_4_15,1533750711,2018,8,8
597,00:a0:bc:87:86:c2,59,2.0,fl_qpsk_1_2,1533750771,2018,8,8
598,00:a0:bc:87:86:c2,37,2.0,fl_qpsk_1_2,1533750771,2018,8,8
599,00:a0:bc:87:86:c2,15,3.0,fl_qpsk_8_15,1533750771,2018,8,8
600,00:a0:bc:87:86:c2,11,3.0,fl_qpsk_8_15,1533750771,2018,8,8
601,00:a0:bc:87:86:c2,28,1.9,fl_qpsk_1_2,1533750771,2018,8,8
602,00:a0:bc:87:86:c2,41,2.9,fl_qpsk_8_15,1533750771,2018,8,8
603,00:a0:bc:87:86:c2,15,3.5,fl_qpsk_8_15,1533750831,2018,8,8
604,00:a0:bc:87:86:c2,28,2.4,fl_qpsk_1_2,1533750831,2018,8,8
605,00:a0:bc:87:86:c2,37,2.5,fl_qpsk_1_2,1533750831,2018,8,8
606,00:a0:bc:87:86:c2,41,3.3,fl_qpsk_8_15,1533750831,2018,8,8
607,00:a0:bc:87:86:c2,59,2.5,fl_qpsk_1_2,1533750831,2018,8,8
608,00:a0:bc:87:86:c2,11,3.4,fl_qpsk_8_15,1533750831,2018,8,8
609,00:a0:bc:87:86:c2,15,3.9,fl_qpsk_3_5,1533750891,2018,8,8
610,00:a0:bc:87:86:c2,41,3.8,fl_qpsk_3_5,1533750891,2018,8,8
611,00:a0:bc:87:86:c2,28,2.8,fl_qpsk_8_15,1533750891,2018,8,8
612,00:a0:bc:87:86:c2,11,3.8,fl_qpsk_3_5,1533750891,2018,8,8
613,00:a0:bc:87:86:c2,59,2.9,fl_qpsk_8_15,1533750891,2018,8,8
614,00:a0:bc:87:86:c2,37,2.9,fl_qpsk_8_15,1533750891,2018,8,8
615,00:a0:bc:87:86:c2,28,3.1,fl_qpsk_8_15,1533750951,2018,8,8
616,00:a0:bc:87:86:c2,37,3.2,fl_qpsk_8_15,1533750951,2018,8,8
617,00:a0:bc:87:86:c2,11,4.2,fl_qpsk_3_5,1533750951,2018,8,8
618,00:a0:bc:87:86:c2,59,3.2,fl_qpsk_8_15,1533750951,2018,8,8
619,00:a0:bc:87:86:c2,15,4.2,fl_qpsk_3_5,1533750951,2018,8,8
620,00:a0:bc:87:86:c2,41,4.1,fl_qpsk_3_5,1533750951,2018,8,8
621,00:a0:bc:87:86:c2,37,3.5,fl_qpsk_8_15,1533751011,2018,8,8
622,00:a0:bc:87:86:c2,59,3.5,fl_qpsk_8_15,1533751011,2018,8,8
623,00:a0:bc:87:86:c2,11,4.4,fl_qpsk_2_3,1533751011,2018,8,8
624,00:a0:bc:87:86:c2,41,4.4,fl_qpsk_2_3,1533751011,2018,8,8
625,00:a0:bc:87:86:c2,28,3.3,fl_qpsk_8_15,1533751011,2018,8,8
626,00:a0:bc:87:86:c2,15,4.5,fl_qpsk_2_3,1533751011,2018,8,8
627,00:a0:bc:87:86:c2,15,4.8,fl_qpsk_2_3,1533751071,2018,8,8
628,00:a0:bc:87:86:c2,59,3.9,fl_qpsk_3_5,1533751071,2018,8,8
629,00:a0:bc:87:86:c2,11,4.8,fl_qpsk_2_3,1533751071,2018,8,8
630,00:a0:bc:87:86:c2,28,3.7,fl_qpsk_3_5,1533751071,2018,8,8
631,00:a0:bc:87:86:c2,41,4.7,fl_qpsk_2_3,1533751071,2018,8,8
632,00:a0:bc:87:86:c2,37,3.8,fl_qpsk_3_5,1533751071,2018,8,8
633,00:a0:bc:87:86:c2,59,4.2,fl_qpsk_3_5,1533751131,2018,8,8
634,00:a0:bc:87:86:c2,15,5.0,fl_qpsk_2_3,1533751131,2018,8,8
635,00:a0:bc:87:86:c2,37,4.1,fl_qpsk_3_5,1533751131,2018,8,8
636,00:a0:bc:87:86:c2,41,4.9,fl_qpsk_2_3,1533751131,2018,8,8
637,00:a0:bc:87:86:c2,11,4.9,fl_qpsk_2_3,1533751131,2018,8,8
638,00:a0:bc:87:86:c2,28,3.9,fl_qpsk_3_5,1533751131,2018,8,8
639,00:a0:bc:87:86:c2,15,5.2,fl_qpsk_2_3,1533751191,2018,8,8
640,00:a0:bc:87:86:c2,11,5.1,fl_qpsk_2_3,1533751191,2018,8,8
641,00:a0:bc:87:86:c2,28,4.0,fl_qpsk_3_5,1533751191,2018,8,8
642,00:a0:bc:87:86:c2,41,5.1,fl_qpsk_2_3,1533751191,2018,8,8
643,00:a0:bc:87:86:c2,37,4.2,fl_qpsk_3_5,1533751191,2018,8,8
644,00:a0:bc:87:86:c2,59,4.3,fl_qpsk_2_3,1533751191,2018,8,8
645,00:a0:bc:87:86:c2,15,5.3,fl_qpsk_3_4,1533751251,2018,8,8
646,00:a0:bc:87:86:c2,59,4.3,fl_qpsk_2_3,1533751251,2018,8,8
647,00:a0:bc:87:86:c2,41,5.2,fl_qpsk_2_3,1533751251,2018,8,8
648,00:a0:bc:87:86:c2,11,5.1,fl_qpsk_2_3,1533751251,2018,8,8
649,00:a0:bc:87:86:c2,28,4.1,fl_qpsk_3_5,1533751251,2018,8,8
650,00:a0:bc:87:86:c2,37,4.1,fl_qpsk_3_5,1533751251,2018,8,8
651,00:a0:bc:87:86:c2,28,4.2,fl_qpsk_3_5,1533751311,2018,8,8
652,00:a0:bc:87:86:c2,11,5.3,fl_qpsk_3_4,1533751311,2018,8,8
653,00:a0:bc:87:86:c2,15,5.5,fl_qpsk_3_4,1533751311,2018,8,8
654,00:a0:bc:87:86:c2,41,5.3,fl_qpsk_3_4,1533751311,2018,8,8
655,00:a0:bc:87:86:c2,37,4.4,fl_qpsk_2_3,1533751311,2018,8,8
656,00:a0:bc:87:86:c2,59,4.5,fl_qpsk_2_3,1533751311,2018,8,8
657,00:a0:bc:87:86:c2,28,4.4,fl_qpsk_2_3,1533751371,2018,8,8
658,00:a0:bc:87:86:c2,41,5.4,fl_qpsk_3_4,1533751371,2018,8,8
659,00:a0:bc:87:86:c2,15,5.6,fl_16_apsk_2_5,1533751371,2018,8,8
660,00:a0:bc:87:86:c2,37,4.5,fl_qpsk_2_3,1533751371,2018,8,8
661,00:a0:bc:87:86:c2,11,5.4,fl_qpsk_3_4,1533751371,2018,8,8
662,00:a0:bc:87:86:c2,59,4.7,fl_qpsk_2_3,1533751371,2018,8,8
663,00:a0:bc:87:86:c2,41,5.4,fl_qpsk_3_4,1533751431,2018,8,8
664,00:a0:bc:87:86:c2,37,4.6,fl_qpsk_2_3,1533751431,2018,8,8
665,00:a0:bc:87:86:c2,15,5.6,fl_16_apsk_2_5,1533751431,2018,8,8
666,00:a0:bc:87:86:c2,59,4.7,fl_qpsk_2_3,1533751431,2018,8,8
667,00:a0:bc:87:86:c2,28,4.4,fl_qpsk_2_3,1533751431,2018,8,8
668,00:a0:bc:87:86:c2,11,5.4,fl_qpsk_3_4,1533751431,2018,8,8
669,00:a0:bc:87:86:c2,41,5.5,fl_qpsk_3_4,1533751491,2018,8,8
670,00:a0:bc:87:86:c2,59,4.6,fl_qpsk_2_3,1533751491,2018,8,8
671,00:a0:bc:87:86:c2,28,4.3,fl_qpsk_2_3,1533751491,2018,8,8
672,00:a0:bc:87:86:c2,37,4.5,fl_qpsk_2_3,1533751491,2018,8,8
673,00:a0:bc:87:86:c2,15,5.7,fl_16_apsk_2_5,1533751491,2018,8,8
674,00:a0:bc:87:86:c2,11,5.4,fl_qpsk_3_4,1533751491,2018,8,8
675,00:a0:bc:87:86:c2,59,4.6,fl_qpsk_2_3,1533751551,2018,8,8
676,00:a0:bc:87:86:c2,11,5.4,fl_qpsk_3_4,1533751551,2018,8,8
677,00:a0:bc:87:86:c2,15,5.6,fl_16_apsk_2_5,1533751551,2018,8,8
678,00:a0:bc:87:86:c2,41,5.5,fl_qpsk_3_4,1533751551,2018,8,8
679,00:a0:bc:87:86:c2,28,4.4,fl_qpsk_3_5,1533751551,2018,8,8
680,00:a0:bc:87:86:c2,37,4.5,fl_qpsk_2_3,1533751551,2018,8,8
681,00:a0:bc:87:86:c2,41,5.4,fl_qpsk_3_4,1533751611,2018,8,8
682,00:a0:bc:87:86:c2,11,5.4,fl_qpsk_3_4,1533751611,2018,8,8
683,00:a0:bc:87:86:c2,15,5.6,fl_qpsk_3_4,1533751611,2018,8,8
684,00:a0:bc:87:86:c2,37,4.5,fl_qpsk_2_3,1533751611,2018,8,8
685,00:a0:bc:87:86:c2,59,4.6,fl_qpsk_2_3,1533751611,2018,8,8
686,00:a0:bc:87:86:c2,28,4.4,fl_qpsk_3_5,1533751611,2018,8,8
687,00:a0:bc:87:86:c2,15,5.5,fl_qpsk_3_4,1533751671,2018,8,8
688,00:a0:bc:87:86:c2,28,4.1,fl_qpsk_3_5,1533751671,2018,8,8
689,00:a0:bc:87:86:c2,59,4.4,fl_qpsk_2_3,1533751671,2018,8,8
690,00:a0:bc:87:86:c2,37,4.3,fl_qpsk_2_3,1533751671,2018,8,8
691,00:a0:bc:87:86:c2,11,5.3,fl_qpsk_3_4,1533751671,2018,8,8
692,00:a0:bc:87:86:c2,41,5.3,fl_qpsk_3_4,1533751671,2018,8,8
693,00:a0:bc:87:86:c2,28,4.0,fl_qpsk_3_5,1533751731,2018,8,8
694,00:a0:bc:87:86:c2,11,5.1,fl_qpsk_2_3,1533751731,2018,8,8
695,00:a0:bc:87:86:c2,59,4.3,fl_qpsk_2_3,1533751731,2018,8,8
696,00:a0:bc:87:86:c2,15,5.3,fl_qpsk_3_4,1533751731,2018,8,8
697,00:a0:bc:87:86:c2,37,4.2,fl_qpsk_3_5,1533751731,2018,8,8
698,00:a0:bc:87:86:c2,41,5.2,fl_qpsk_2_3,1533751731,2018,8,8
699,00:a0:bc:87:86:c2,11,5.0,fl_qpsk_2_3,1533751791,2018,8,8
700,00:a0:bc:87:86:c2,37,4.1,fl_qpsk_3_5,1533751791,2018,8,8
701,00:a0:bc:87:86:c2,28,3.9,fl_qpsk_3_5,1533751791,2018,8,8
702,00:a0:bc:87:86:c2,59,4.2,fl_qpsk_3_5,1533751791,2018,8,8
703,00:a0:bc:87:86:c2,41,5.0,fl_qpsk_2_3,1533751791,2018,8,8
704,00:a0:bc:87:86:c2,15,5.2,fl_qpsk_2_3,1533751791,2018,8,8
705,00:a0:bc:87:86:c2,11,4.9,fl_qpsk_2_3,1533751851,2018,8,8
706,00:a0:bc:87:86:c2,59,4.1,fl_qpsk_3_5,1533751851,2018,8,8
707,00:a0:bc:87:86:c2,15,5.1,fl_qpsk_2_3,1533751851,2018,8,8
708,00:a0:bc:87:86:c2,37,3.9,fl_qpsk_3_5,1533751851,2018,8,8
709,00:a0:bc:87:86:c2,41,4.9,fl_qpsk_2_3,1533751851,2018,8,8
710,00:a0:bc:87:86:c2,28,3.9,fl_qpsk_3_5,1533751851,2018,8,8
711,00:a0:bc:87:86:c2,28,3.6,fl_qpsk_8_15,1533751911,2018,8,8
712,00:a0:bc:87:86:c2,11,4.7,fl_qpsk_2_3,1533751911,2018,8,8
713,00:a0:bc:87:86:c2,59,3.9,fl_qpsk_3_5,1533751911,2018,8,8
714,00:a0:bc:87:86:c2,15,4.9,fl_qpsk_2_3,1533751911,2018,8,8
715,00:a0:bc:87:86:c2,41,4.7,fl_qpsk_2_3,1533751911,2018,8,8
716,00:a0:bc:87:86:c2,37,3.7,fl_qpsk_3_5,1533751911,2018,8,8
717,00:a0:bc:87:86:c2,37,3.4,fl_qpsk_8_15,1533751971,2018,8,8
718,00:a0:bc:87:86:c2,59,3.6,fl_qpsk_8_15,1533751971,2018,8,8
719,00:a0:bc:87:86:c2,41,4.4,fl_qpsk_2_3,1533751971,2018,8,8
720,00:a0:bc:87:86:c2,11,4.4,fl_qpsk_2_3,1533751971,2018,8,8
721,00:a0:bc:87:86:c2,28,3.3,fl_qpsk_8_15,1533751971,2018,8,8
722,00:a0:bc:87:86:c2,15,4.5,fl_qpsk_2_3,1533751971,2018,8,8
723,00:a0:bc:87:86:c2,41,4.3,fl_qpsk_3_5,1533752031,2018,8,8
724,00:a0:bc:87:86:c2,37,3.2,fl_qpsk_8_15,1533752031,2018,8,8
725,00:a0:bc:87:86:c2,15,4.4,fl_qpsk_2_3,1533752031,2018,8,8
726,00:a0:bc:87:86:c2,28,3.2,fl_qpsk_8_15,1533752031,2018,8,8
727,00:a0:bc:87:86:c2,59,3.4,fl_qpsk_8_15,1533752031,2018,8,8
728,00:a0:bc:87:86:c2,11,4.3,fl_qpsk_3_5,1533752031,2018,8,8
729,00:a0:bc:87:86:c2,15,4.0,fl_qpsk_3_5,1533752091,2018,8,8
730,00:a0:bc:87:86:c2,59,3.1,fl_qpsk_8_15,1533752091,2018,8,8
731,00:a0:bc:87:86:c2,37,3.0,fl_qpsk_8_15,1533752091,2018,8,8
732,00:a0:bc:87:86:c2,41,3.9,fl_qpsk_3_5,1533752091,2018,8,8
733,00:a0:bc:87:86:c2,28,2.8,fl_qpsk_8_15,1533752091,2018,8,8
734,00:a0:bc:87:86:c2,11,3.9,fl_qpsk_3_5,1533752091,2018,8,8
735,00:a0:bc:87:86:c2,11,3.7,fl_qpsk_3_5,1533752151,2018,8,8
736,00:a0:bc:87:86:c2,28,2.5,fl_qpsk_8_15,1533752151,2018,8,8
737,00:a0:bc:87:86:c2,37,2.6,fl_qpsk_8_15,1533752151,2018,8,8
738,00:a0:bc:87:86:c2,15,3.7,fl_qpsk_3_5,1533752151,2018,8,8
739,00:a0:bc:87:86:c2,41,3.6,fl_qpsk_3_5,1533752151,2018,8,8
740,00:a0:bc:87:86:c2,59,2.7,fl_qpsk_8_15,1533752151,2018,8,8
741,00:a0:bc:87:86:c2,11,3.3,fl_qpsk_8_15,1533752211,2018,8,8
742,00:a0:bc:87:86:c2,59,2.3,fl_qpsk_1_2,1533752211,2018,8,8
743,00:a0:bc:87:86:c2,41,3.3,fl_qpsk_8_15,1533752211,2018,8,8
744,00:a0:bc:87:86:c2,28,2.1,fl_qpsk_1_2,1533752211,2018,8,8
745,00:a0:bc:87:86:c2,15,3.4,fl_qpsk_8_15,1533752211,2018,8,8
746,00:a0:bc:87:86:c2,37,2.3,fl_qpsk_1_2,1533752211,2018,8,8
747,00:a0:bc:87:86:c2,15,3.1,fl_qpsk_8_15,1533752271,2018,8,8
748,00:a0:bc:87:86:c2,37,2.0,fl_qpsk_1_2,1533752271,2018,8,8
749,00:a0:bc:87:86:c2,11,3.1,fl_qpsk_8_15,1533752271,2018,8,8
750,00:a0:bc:87:86:c2,28,1.8,fl_qpsk_1_2,1533752271,2018,8,8
751,00:a0:bc:87:86:c2,59,2.0,fl_qpsk_1_2,1533752271,2018,8,8
752,00:a0:bc:87:86:c2,41,3.1,fl_qpsk_8_15,1533752271,2018,8,8
753,00:a0:bc:87:86:c2,36,0.0,fl_bpsk_4_15,1533752326,2018,8,8
754,00:a0:bc:87:86:c2,40,0.0,fl_bpsk_4_15,1533752326,2018,8,8
755,00:a0:bc:87:86:c2,20,0.0,fl_bpsk_4_15,1533752326,2018,8,8
756,00:a0:bc:87:86:c2,47,0.0,fl_bpsk_4_15,1533752326,2018,8,8
757,00:a0:bc:87:86:c2,53,0.0,fl_bpsk_4_15,1533752326,2018,8,8
758,00:a0:bc:87:86:c2,36,0.0,fl_qpsk_1_3,1533752386,2018,8,8
759,00:a0:bc:87:86:c2,40,0.0,fl_qpsk_1_3,1533752386,2018,8,8
760,00:a0:bc:87:86:c2,47,0.3,fl_qpsk_1_3,1533752386,2018,8,8
761,00:a0:bc:87:86:c2,53,0.0,fl_qpsk_1_3,1533752386,2018,8,8
762,00:a0:bc:87:86:c2,20,-1.4,fl_qpsk_1_4,1533752386,2018,8,8
763,00:a0:bc:87:86:c2,20,-1.3,fl_qpsk_1_4,1533752446,2018,8,8
764,00:a0:bc:87:86:c2,53,0.0,fl_qpsk_1_3,1533752446,2018,8,8
765,00:a0:bc:87:86:c2,40,0.1,fl_qpsk_1_3,1533752446,2018,8,8
766,00:a0:bc:87:86:c2,47,0.4,fl_qpsk_1_3,1533752446,2018,8,8
767,00:a0:bc:87:86:c2,36,0.3,fl_qpsk_1_3,1533752446,2018,8,8
768,00:a0:bc:87:86:c2,53,0.0,fl_qpsk_1_3,1533752506,2018,8,8
769,00:a0:bc:87:86:c2,40,0.2,fl_qpsk_1_3,1533752506,2018,8,8
770,00:a0:bc:87:86:c2,47,0.5,fl_qpsk_1_3,1533752506,2018,8,8
771,00:a0:bc:87:86:c2,20,-1.1,fl_qpsk_1_4,1533752506,2018,8,8
772,00:a0:bc:87:86:c2,36,0.3,fl_qpsk_1_3,1533752506,2018,8,8
773,00:a0:bc:87:86:c2,40,0.3,fl_qpsk_1_3,1533752566,2018,8,8
774,00:a0:bc:87:86:c2,47,0.6,fl_qpsk_1_3,1533752566,2018,8,8
775,00:a0:bc:87:86:c2,20,-1.1,fl_qpsk_1_4,1533752566,2018,8,8
776,00:a0:bc:87:86:c2,36,0.3,fl_qpsk_1_3,1533752566,2018,8,8
777,00:a0:bc:87:86:c2,53,0.1,fl_qpsk_1_3,1533752566,2018,8,8
778,00:a0:bc:87:86:c2,40,0.5,fl_qpsk_1_3,1533752626,2018,8,8
779,00:a0:bc:87:86:c2,53,0.3,fl_qpsk_1_3,1533752626,2018,8,8
780,00:a0:bc:87:86:c2,20,-1.1,fl_qpsk_1_4,1533752626,2018,8,8
781,00:a0:bc:87:86:c2,36,0.6,fl_qpsk_1_3,1533752626,2018,8,8
782,00:a0:bc:87:86:c2,47,0.8,fl_qpsk_1_3,1533752626,2018,8,8
783,00:a0:bc:87:86:c2,20,-1.1,fl_qpsk_1_4,1533752686,2018,8,8
784,00:a0:bc:87:86:c2,47,0.5,fl_qpsk_1_3,1533752686,2018,8,8
785,00:a0:bc:87:86:c2,40,0.6,fl_qpsk_1_3,1533752686,2018,8,8
786,00:a0:bc:87:86:c2,53,0.4,fl_qpsk_1_3,1533752686,2018,8,8
787,00:a0:bc:87:86:c2,36,0.6,fl_qpsk_1_3,1533752686,2018,8,8
788,00:a0:bc:87:86:c2,40,0.5,fl_qpsk_1_3,1533752746,2018,8,8
789,00:a0:bc:87:86:c2,53,0.2,fl_qpsk_1_3,1533752746,2018,8,8
790,00:a0:bc:87:86:c2,47,0.7,fl_qpsk_1_3,1533752746,2018,8,8
791,00:a0:bc:87:86:c2,36,0.5,fl_qpsk_1_3,1533752746,2018,8,8
792,00:a0:bc:87:86:c2,20,-1.2,fl_qpsk_1_4,1533752746,2018,8,8
793,00:a0:bc:87:86:c2,40,0.4,fl_qpsk_1_3,1533752806,2018,8,8
794,00:a0:bc:87:86:c2,47,0.7,fl_qpsk_1_3,1533752806,2018,8,8
795,00:a0:bc:87:86:c2,20,-1.2,fl_qpsk_1_4,1533752806,2018,8,8
796,00:a0:bc:87:86:c2,53,0.2,fl_qpsk_1_3,1533752806,2018,8,8
797,00:a0:bc:87:86:c2,36,0.4,fl_qpsk_1_3,1533752806,2018,8,8
798,00:a0:bc:87:86:c2,40,0.4,fl_qpsk_1_3,1533752866,2018,8,8
799,00:a0:bc:87:86:c2,47,0.7,fl_qpsk_1_3,1533752866,2018,8,8
800,00:a0:bc:87:86:c2,36,0.6,fl_qpsk_1_3,1533752866,2018,8,8
801,00:a0:bc:87:86:c2,20,-0.9,fl_qpsk_1_4,1533752866,2018,8,8
802,00:a0:bc:87:86:c2,53,0.3,fl_qpsk_1_3,1533752866,2018,8,8
803,00:a0:bc:87:86:c2,20,-1.1,fl_qpsk_1_4,1533752926,2018,8,8
804,00:a0:bc:87:86:c2,53,0.2,fl_qpsk_1_3,1533752926,2018,8,8
805,00:a0:bc:87:86:c2,36,0.4,fl_qpsk_1_3,1533752926,2018,8,8
806,00:a0:bc:87:86:c2,40,0.3,fl_qpsk_1_3,1533752926,2018,8,8
807,00:a0:bc:87:86:c2,47,0.6,fl_qpsk_1_3,1533752926,2018,8,8
808,00:a0:bc:87:86:c2,53,0.4,fl_qpsk_1_3,1533752986,2018,8,8
809,00:a0:bc:87:86:c2,40,0.7,fl_qpsk_1_3,1533752986,2018,8,8
810,00:a0:bc:87:86:c2,47,0.7,fl_qpsk_1_3,1533752986,2018,8,8
811,00:a0:bc:87:86:c2,36,0.6,fl_qpsk_1_3,1533752986,2018,8,8
812,00:a0:bc:87:86:c2,20,-0.8,fl_qpsk_1_4,1533752986,2018,8,8
813,00:a0:bc:87:86:c2,53,0.2,fl_qpsk_1_3,1533753046,2018,8,8
814,00:a0:bc:87:86:c2,20,-0.9,fl_qpsk_4_15,1533753046,2018,8,8
815,00:a0:bc:87:86:c2,47,0.7,fl_qpsk_1_3,1533753046,2018,8,8
816,00:a0:bc:87:86:c2,36,0.5,fl_qpsk_1_3,1533753046,2018,8,8
817,00:a0:bc:87:86:c2,40,0.4,fl_qpsk_1_3,1533753046,2018,8,8
818,00:a0:bc:87:86:c2,40,0.6,fl_qpsk_1_3,1533753106,2018,8,8
819,00:a0:bc:87:86:c2,36,0.5,fl_qpsk_1_3,1533753106,2018,8,8
820,00:a0:bc:87:86:c2,20,-0.9,fl_qpsk_1_4,1533753106,2018,8,8
821,00:a0:bc:87:86:c2,53,0.2,fl_qpsk_1_3,1533753106,2018,8,8
822,00:a0:bc:87:86:c2,47,0.8,fl_qpsk_1_3,1533753106,2018,8,8
823,00:a0:bc:87:86:c2,36,0.6,fl_qpsk_1_3,1533753166,2018,8,8
824,00:a0:bc:87:86:c2,47,0.7,fl_qpsk_1_3,1533753166,2018,8,8
825,00:a0:bc:87:86:c2,40,0.5,fl_qpsk_1_3,1533753166,2018,8,8
826,00:a0:bc:87:86:c2,20,-0.9,fl_qpsk_4_15,1533753166,2018,8,8
827,00:a0:bc:87:86:c2,53,0.4,fl_qpsk_1_3,1533753166,2018,8,8
828,00:a0:bc:87:86:c2,20,-1.1,fl_qpsk_1_4,1533753226,2018,8,8
829,00:a0:bc:87:86:c2,53,0.1,fl_qpsk_1_3,1533753226,2018,8,8
830,00:a0:bc:87:86:c2,36,0.4,fl_qpsk_1_3,1533753226,2018,8,8
831,00:a0:bc:87:86:c2,40,0.4,fl_qpsk_1_3,1533753226,2018,8,8
832,00:a0:bc:87:86:c2,47,0.6,fl_qpsk_1_3,1533753226,2018,8,8
833,00:a0:bc:87:86:c2,40,0.5,fl_qpsk_1_3,1533753286,2018,8,8
834,00:a0:bc:87:86:c2,20,-1.0,fl_qpsk_1_4,1533753286,2018,8,8
835,00:a0:bc:87:86:c2,53,0.3,fl_qpsk_1_3,1533753286,2018,8,8
836,00:a0:bc:87:86:c2,36,0.5,fl_qpsk_1_3,1533753286,2018,8,8
837,00:a0:bc:87:86:c2,47,0.6,fl_qpsk_1_3,1533753286,2018,8,8
